<?xml version="1.0" encoding="utf-8" ?>
<hibernate-mapping xmlns="urn:nhibernate-mapping-2.2" assembly="Business.AMS.Domain" namespace="Business.AMS.Domain">
     <class name="HierarchyViewContentAsset" lazy="false" table="am_HierarchyViewContentAsset">
        <cache usage="read-write" region="default" />
         <id name="Id" column="Businessfund_guid">
            <generator class="guid.comb" />
        </id>

        <property name="Name" column="name_codes" />
        <many-to-one name="Currency" class="Business.AMS.Domain.Currency" column="BusinessFundCurrency" />
       <bag name="FundAssets" table="am_fundasset" lazy="true" cascade="all-delete-orphan" inverse="true">
               <key column="Businessfund_guid"></key>
         <many-to-many class="Business.AMS.Domain.Asset.Asset" column="asset_guid"></many-to-many>
       </bag>
       <component name="MonthlyCashFlows"  class="Business.AMS.AdminAPI.Common.Entities.CashFlow.CashFlowMetrics"  insert="true"  update="true" >
         <many-to-one name="Model" column="UPLOAD_GUID" class="Business.AMS.AdminAPI.Common.Entities.Upload.Upload" />
         <many-to-one name="ReportingPeriod" column="REPORTPERIOD_GUID" class="Business.AMS.AdminAPI.Common.Entities.Period.ReportingPeriod" />
         <property name="TimeSeriesDate" column="TIME_SERIES"/>
         <property name="TotalRevenue" column="CF_TOTAL_REVENUE"/>
         <property name="TotalOperatingExpenses" column="CF_TOTAL_OPERATING_EXPENSES"/>
         <property name="NonOperatingOtherIncomeExpense" column="CF_NON_OPERATING_OTHER_INCOME_EXPENSE"/>
       </component>
       <bag name="Funds" table="am_fundasset" lazy="false" >
         <key column="asset_guid"></key>
         <many-to-many class="Business.AMS.Domain.Entities.Fund" column="Businessfund_guid"/>
       </bag>

       <bag name="Addresses" table="AM_AssetAddress" lazy="false" cascade="all-delete-orphan" inverse="true">
         <key column="Asset_GUID" />
         <one-to-many class="Business.AMS.Domain.Entities.Asset.AssetAddress"/>
       </bag>

       <one-to-one name="FinancialReportingData" class="Business.AMS.Domain.Entities.AssetLoanFinancialReportingData.AssetLoanFinancialReportingData, Business.AMS.Domain.Entities" property-ref="AssetLoan"  cascade="all-delete-orphan"/>

       <one-to-one name="TempFileData" class="Business.AMS.Domain.Entities.ValuationReconciliation.TempFileData, Business.AMS.Domain.Entities" cascade="all-delete-orphan"/>


       <bag name="RiskClassifications" table="AM_RISK_CLASSIFICATION" lazy="false" cascade="all" inverse="true" >
               <key column="TREASURY_METRICS_GUID"/>
               <one-to-many class="Business.AMS.Domain.Entities.AssetLoan.RiskClassification" not-found="ignore"/>
       </bag>

       <component name="MonthlyCashFlows"  class="Business.AMS.AdminAPI.Common.Entities.CashFlow.CashFlowMetrics"  insert="true"  update="true" >
         <property name="TotalRevenue" column="CF_TOTAL_REVENUE"/>
       </component>
       <many-to-one name="Period" class="Business.AMS.Domain.Period.ReportingPeriod" column="ReportPeriod_GUID"/>
       <many-to-one name="DeletedUser" class="User" column="DeletedUser_Guid" />
       <many-to-one name="HierarchyView" class="User" column="HierarchyView_Guid" />
     </class>
  <!--<query name="Business.AMS.Domain.Fund.FindByName" cacheable="true">
    from Fund fund where fund.Name = ? and fund.Currency.Id = ? and fund.name between ? and ? and fund.name like ? and (IsDeleted is null) and fund.Currency.Id like ? and fund.Currency.Id between ? and ?    
  </query>
  <query name="Business.AMS.Domain.Entities.FieldDictionary.FieldDefinition.FindByDictionaryId">
    from FieldDefinition fd where FieldDefinition.Id = ? and (IsDeleted is null or IsDeleted = False)
  </query>
  <query name="Business.AMS.Domain.Entities.FieldDictionary.FieldDefinition.FindByDictionaryIN">
    from FieldDefinition fd where fd.Id = ? and fundid in (:fundids) (IsDeleted is null or IsDeleted = False)
  </query>-->
  
  <query name="Business.AMS.Domain.HierarchyView.HierarchyViewContentAsset.FindAllByViewAndReportingPeriodId">
    from HierarchyViewContentAsset va where va.DeletedUser is null and va.HierarchyView.Id  = ? And va.Period.EndDate = ?
  </query>
  <query name="Business.AMS.Domain.HierarchyView.HierarchyViewContentAsset.FindAllByViewAndReportingPeriodId1">
    from HierarchyViewContentAsset  where DeletedUser is null and HierarchyView.Id  = ? And Period.EndDate = ?
  </query>
</hibernate-mapping>


